,attributes,price,status,adress,lat,lon
0, 200 m² construidos | 3 recs. ,"2,300,000",Casa en venta , Gustavo A. Madero - Distrito Federal ,19.4873329,-99.1236134
1, 320 m² construidos | 3 recs. ,"8,500,000",Casa en venta , Ambato - Lindavista Norte - Gustavo A. Madero - Distrito Federal ,19.5000712,-99.1288767
2, 278 m² construidos | 4 recs. ,"65,500",Casa en venta , CALLE 625 00 - San Antonio - Gustavo A. Madero - Distrito Federal ,19.4538368,-99.0657688
3, 160 m² construidos | 3 recs. ,"1,499,000",Casa en venta , 641 227 - San Juan De Aragón 4a Secc. - Gustavo A. Madero - Distrito Federal ,19.4597475,-99.0651563
4, 210 m² construidos | 4 recs. ,"685,000",Casa en venta , CAIRO 303 - Fernando Casas Alemán - Gustavo A. Madero - Distrito Federal ,19.4520358,-99.0969096
5, 180 m² construidos | 4 recs. ,"4,100,000",Casa en venta , Avenida 414-A 229 - San Juan De Aragón 6a Secc. - Gustavo A. Madero - Distrito Federal ,19.4695706,-99.0669897
6, 250 m² construidos | 3 recs. ,"3,800,000",Casa en venta , Tlacaelel - Santa Isabel Tola - Gustavo A. Madero - Distrito Federal ,19.4925156,-99.1176637
7, 509 m² construidos | 5 recs. ,"11,870,000",Casa en venta , Lindavista Norte 0 - Lindavista Norte - Gustavo A. Madero - Distrito Federal ,19.5037694,-99.1324282
8, 250 m² construidos | 4 recs. ,"11,400,000",Casa en venta , linares 666 - Lindavista Sur - Gustavo A. Madero - Distrito Federal ,19.4882318,-99.1305476
9, 263 m² construidos | 8 recs. ,"3,100,000",Casa en venta , Cerrada Puerto Mazatlán 54 - La Pastora - Gustavo A. Madero - Distrito Federal ,19.5290762,-99.1408798
10, 290 m² construidos | 4 recs. ,"718,794",Casa en venta , faro de Alejandría 00 - Siete Maravillas - Gustavo A. Madero - Distrito Federal ,19.5147406,-99.1446774
11, 400 m² construidos | 5 recs. ,"996,741",Casa en venta , FUNDIDORA DE MONTERREY 00 - Industrial - Gustavo A. Madero - Distrito Federal ,19.4755317,-99.1279754
12, 130 m² construidos | 3 recs. ,"596,000",Casa en venta , CALLE 313 00 - El Coyol - Gustavo A. Madero - Distrito Federal ,19.4881312,-99.0900856
13, 115 m² construidos | 3 recs. ,"595,000",Casa en venta , Norte 3A 0 - Defensores De La República - Gustavo A. Madero - Distrito Federal ,19.4794298,-99.1420087
14, 210 m² construidos | 3 recs. ,"685,000",Casa en venta , Cairo 0 - Fernando Casas Alemán - Gustavo A. Madero - Distrito Federal ,19.4525696,-99.0969458
15, 500 m² construidos | 4 recs. ,"8,140,379",Casa en venta , Paranagua 00 - Lindavista Norte - Gustavo A. Madero - Distrito Federal ,19.50549,-99.1265733
16, 282 m² construidos | 2 recs. ,"1,006,532",Casa en venta , Gustavo A. Madero - Distrito Federal ,19.4873329,-99.1236134
17, 180 m² construidos | 4 recs. ,"596,000",Casa en venta , CALLE 313 00 - El Coyol - Gustavo A. Madero - Distrito Federal ,19.4881312,-99.0900856
18, 300 m² construidos | 3 recs. ,"918,200",Casa en venta , Avenida 511230 - San Juan De Aragón - Gustavo A. Madero - Distrito Federal ,19.4611421,-99.0811449
19, 160 m² construidos | 3 recs. ,"1,081,659",Casa en venta , 641228 - San Juan De Aragón - Gustavo A. Madero - Distrito Federal ,19.4686303,-99.0923614
20, 260 m² construidos | 4 recs. ,"1,133,200",Casa en venta , Avenida 62517 Mz 13 SpMz 17 Lt9 - San Juan De Aragón - Gustavo A. Madero - Distrito Federal ,19.4686303,-99.0923614
21, 170 m² construidos | 4 recs. ,"5,100,000",Casa en venta , Campestre 0 - Campestre Aragón - Gustavo A. Madero - Distrito Federal ,19.484002,-99.0798509
22, 400 m² construidos | 4 recs. ,"750,000",Casa en venta , ACERINA67 - Estrella - Gustavo A. Madero - Distrito Federal ,19.4771026,-99.1195555
23, 145 m² construidos | 3 recs. ,"1,499,000",Casa en venta , Calle 641 228 - San Juan de Aragón V Sección - Gustavo A. Madero - Distrito Federal ,19.4601522,-99.0653407
24, 133 m² construidos | 3 recs. ,"3,400,000",Casa en venta , Defensores De La República - Gustavo A. Madero - Distrito Federal ,19.4748896,-99.1435398
25, 170 m² construidos | 3 recs. ,"684,579",Casa en venta , 63769 - San Juan de Aragón IV Sección - Gustavo A. Madero - Distrito Federal ,19.45374,-99.0660933
26, 160 m² construidos | 3 recs. ,"2,277,223",Casa en venta , Santiago8 - Tepeyac Insurgentes - Gustavo A. Madero - Distrito Federal ,19.4861559,-99.1224204
27, 85 m² construidos | 2 recs. ,"1,413,100",Casa en venta , Retorno Heleodoro Guadarrama8 - Atzacoalco CTM - Gustavo A. Madero - Distrito Federal ,19.5088135,-99.1029408
28, 150 m² construidos | 3 recs. ,"596,000",Casa en venta , CALLE 313 NO. 29 29 - Guadalupe Ticoman - Gustavo A. Madero - Distrito Federal ,19.4890573,-99.0896753
29, 612 m² construidos | 6 recs. ,"1,476,220",Casa en venta , Matanzas872 - Lindavista Sur - Gustavo A. Madero - Distrito Federal ,19.4958926,-99.128386
30, 175 m² construidos | 3 recs. ,"1,436,742",Casa en venta , Norte 906553 - San Pedro El Chico - Gustavo A. Madero - Distrito Federal ,19.469571,-99.098881
31, 285 m² construidos | 4 recs. ,"864,580",Casa en venta , Av. Republica Mexicana3650 - San Felipe De Jesús - Gustavo A. Madero - Distrito Federal ,19.4904318,-99.0841733
32, 288 m² construidos | 4 recs. ,"2,420,000",Casa en venta , NORTE 70-A3631 - Cuchilla La Joya - Gustavo A. Madero - Distrito Federal ,19.461534,-99.1094662
33, 343 m² construidos | 11 recs. ,"5,750,000",Casa en venta , Tepeyac Insurgentes - Gustavo A. Madero - Distrito Federal ,19.4855507,-99.1220962
34, 120 m² construidos | 3 recs. ,"559,000",Casa en venta , ANDADOR 689 - C.T.M. Aragón - Gustavo A. Madero - Distrito Federal ,19.4533047,-99.0547616
35, 240 m² construidos | 4 recs. ,"2,610,000",Casa en venta , Solola 566 - Valle Del Tepeyac - Gustavo A. Madero - Distrito Federal ,19.4882662,-99.1417021
36, 219 m² construidos | 3 recs. ,"874,129",Casa en venta , Felix Romero62 - Constitución De La República - Gustavo A. Madero - Distrito Federal ,19.4831295,-99.1008963
37, 135 m² construidos | 3 recs. ,"1,621,193",Casa en venta , Gustavo A. Madero - Distrito Federal ,19.4873329,-99.1236134
38, 135 m² construidos | 3 recs. ,"1,149,873",Casa en venta , Oriente 872829 - Mártires De Río Blanco - Gustavo A. Madero - Distrito Federal ,19.4616775,-99.1125412
39, 220 m² construidos | 4 recs. ,"861,792",Casa en venta , Talara189 - Tepeyac Insurgentes - Gustavo A. Madero - Distrito Federal ,19.4876223,-99.1199993
40, 80 m² construidos | 2 recs. ,"932,766",Casa en venta , Alfonso Echanoves9 - Atzacoalco CTM - Gustavo A. Madero - Distrito Federal ,19.5108215,-99.1021983
41, 138 m² construidos | 3 recs. ,"731,489",Casa en venta , Guayaquil39 - Lindavista Sur - Gustavo A. Madero - Distrito Federal ,19.4943829,-99.1354761
42, 300 m² construidos | 4 recs. ,"1,334,566",Casa en venta , LIMA 905 - Lindavista - Gustavo A. Madero - Distrito Federal ,19.49523,-99.1249622
43, 90 m² construidos | 3 recs. ,"1,230,931",Casa en venta , Nte 725637 - Bondojito - Gustavo A. Madero - Distrito Federal ,19.5178527,-99.1419179
44, 90 m² construidos | 2 recs. ,"1,740,800",Casa en venta , CALLE 302 00 - El Coyol - Gustavo A. Madero - Distrito Federal ,19.4902782,-99.0903219
45, 180 m² construidos | 3 recs. ,"1,831,466",Casa en venta , Calle 307924 A - Nueva Atzacoalco - Gustavo A. Madero - Distrito Federal ,19.4991516,-99.0861392
46, 600 m² construidos | 5 recs. ,"789,245",Casa en venta , Caruso 2792 - Vallejo - Gustavo A. Madero - Distrito Federal ,19.4657951,-99.130719
47, 160 m² construidos | 3 recs. ,"863,248",Casa en venta , Calle 28 A14 - San José De La Escalera - Gustavo A. Madero - Distrito Federal ,19.5239938,-99.1632291
48, 200 m² construidos | 4 recs. ,"996,742",Casa en venta , FUNDADORA MONTERREY 00 - Industrial - Gustavo A. Madero - Distrito Federal ,19.4734094,-99.1288723
49, 320 m² construidos | 4 recs. ,"974,049",Casa en venta , garrido278 - Tepeyac Insurgentes - Gustavo A. Madero - Distrito Federal ,19.484018,-99.1219017
50, 128 m² construidos | 3 recs. ,"654,823",Casa en venta , Presetas53 - Héroes De Cerro Prieto - Gustavo A. Madero - Distrito Federal ,19.4525866,-99.0987496
51, 542 m² construidos | 4 recs. ,"1,924,000",Casa en venta , Arroyo de Ticoman53 - Residencial La Escalera - Gustavo A. Madero - Distrito Federal ,19.5107091,-99.1382602
52, 140 m² construidos | 3 recs. ,"6,188,463",Casa en venta , Norte 86 A4730 - Nueva Tenochtitlan - Gustavo A. Madero - Distrito Federal ,19.4579002,-99.1023607
53, 250 m² construidos | 3 recs. ,"596,000",Casa en venta , CALLE 313 - El Coyol - Gustavo A. Madero - Distrito Federal ,19.4881312,-99.0900856
54, 150 m² construidos | 3 recs. ,"2,688,334",Casa en venta , Norte 19 A5327 - Nueva Vallejo - Gustavo A. Madero - Distrito Federal ,19.4841219,-99.1479993
55, 145 m² construidos | 4 recs. ,"1,775,395",Casa en venta , 2 DA CERRADA697 - San Juan De Aragón - Gustavo A. Madero - Distrito Federal ,19.4549778,-99.0543234
56, 216 m² construidos | 6 recs. ,"2,660,000",Casa en venta , Calle 63131 - San Juan De Aragón - Gustavo A. Madero - Distrito Federal ,19.4686137,-99.0907521
57, 200 m² construidos | 3 recs. ,"1,350,000",Casa en venta , BONAO 0 - Lindavista - Gustavo A. Madero - Distrito Federal ,19.5011203,-99.1298228
58, 220 m² construidos | 4 recs. ,"2,830,000",Casa en venta , Gustavo A. Madero - Distrito Federal ,19.4873329,-99.1236134
59, 110 m² construidos | 2 recs. ,"849,400",Casa en venta , Andador 68967 - C.T.M. Aragón - Gustavo A. Madero - Distrito Federal ,19.4912946,-99.0522209
60, 90 m² construidos | 3 recs. ,"866,067",Casa en venta , SALAMINA 0 - Lindavista - Gustavo A. Madero - Distrito Federal ,19.4994383,-99.1270283
61, 150 m² construidos | 3 recs. ,"1,338,846",Casa en venta , Av. Fernando Amilpa105 - C.T.M. Atzacoalco - Gustavo A. Madero - Distrito Federal ,19.5085203,-99.0992958
62, 240 m² construidos | 4 recs. ,"1,437,956",Casa en venta , Acueducto de guadalupe49 - Santa Isabel Tola - Gustavo A. Madero - Distrito Federal ,19.4959244,-99.1131703
63, 360 m² construidos | 4 recs. ,"2,590,000",Casa en venta , Av. 50820 - San Juan De Aragón - Gustavo A. Madero - Distrito Federal ,19.4686303,-99.0923614
64, 250 m² construidos | 4 recs. ,"998,748",Casa en venta , AtlacomulcoMz 20 Lt 34 - San Felipe De Jesús - Gustavo A. Madero - Distrito Federal ,19.4996572,-99.0788113
65, 130 m² construidos | 3 recs. ,"1,072,000",Casa en venta , Calle 31329 - El Coyol - Gustavo A. Madero - Distrito Federal ,19.4959946,-99.087209
66, 120 m² construidos | 3 recs. ,"595,000",Casa en venta , NORTE 3 A 0 - Defensores De La República - Gustavo A. Madero - Distrito Federal ,19.4794298,-99.1420087
67, 210 m² construidos | 3 recs. ,"685,000",Casa en venta , Cairo 303 - Fernando Casas Alemán - Gustavo A. Madero - Distrito Federal ,19.4520358,-99.0969096
68, 120 m² construidos | 3 recs. ,"1,453,026",Casa en venta , Norte 763427 - El Coyol - Gustavo A. Madero - Distrito Federal ,19.487856,-99.0909786
69, 104 m² construidos | 3 recs. ,"1,630,000",Casa en venta , Andador 66563 - Ampliación San Juan de Aragón - Gustavo A. Madero - Distrito Federal ,19.4912946,-99.0522209
70, 250 m² construidos | 3 recs. ,"685,000",Casa en venta , CAIRO 0 - Fernando Casas Alemán - Gustavo A. Madero - Distrito Federal ,19.4525696,-99.0969458
71, 252 m² construidos | 4 recs. ,"1,058,000",Casa en venta , BONAO 0 - Lindavista Norte - Gustavo A. Madero - Distrito Federal ,19.4908853,-99.1331631
72, 180 m² construidos | 4 recs. ,"1,055,603",Casa en venta , VOLCAN JORULLO 0 - La Pradera - Gustavo A. Madero - Distrito Federal ,19.476546,-99.0667845
73, 100 m² construidos | 2 recs. ,"1,299,897",Casa en venta , Gustavo A. Madero - Distrito Federal ,19.4873329,-99.1236134
74, 85 m² construidos | 2 recs. ,"310,775",Casa en venta , Gaviotas 21 - Granjas Modernas - Gustavo A. Madero - Distrito Federal ,19.4788821,-99.1059233
75, 220 m² construidos | 4 recs. ,"1,370,020",Casa en venta , CHICLAYO 0 - Lindavista - Gustavo A. Madero - Distrito Federal ,19.4896721,-99.1310756
76, 200 m² construidos | 2 recs. ,"2,150,000",Casa en venta , AVENIDA 603 00 - San Juan de Aragón III Sección - Gustavo A. Madero - Distrito Federal ,19.4520587,-99.0702693
77, 75 m² construidos | 3 recs. ,"554,000",Casa en venta , ANDADOR 689 00 - C.T.M. Aragón - Gustavo A. Madero - Distrito Federal ,19.4533047,-99.0547616
78, 120 m² construidos | 3 recs. ,"1,750,000",Casa en venta , JUAN BOSCO 00 - Vasco De Quiroga - Gustavo A. Madero - Distrito Federal ,19.4949378,-99.097049
79, 200 m² construidos | 3 recs. ,"2,500,000",Casa en venta , PONIENTE 108 00 - Defensores De La República - Gustavo A. Madero - Distrito Federal ,19.4748978,-99.1413689
80, 537 m² construidos | 5 recs. ,"11,940,000",Casa en venta , MANIZALES - Lindavista - Gustavo A. Madero - Distrito Federal ,19.4994383,-99.1270283
81, 205 m² construidos | 4 recs. ,"4,300,000",Casa en venta , Avenida 506 10 - San Juan De Aragón - Gustavo A. Madero - Distrito Federal ,19.4581179,-99.095664
82, 250 m² construidos | 4 recs. ,"5,950,000",Casa en venta , Trujillo 641 - Lindavista - Gustavo A. Madero - Distrito Federal ,19.4898017,-99.1347867
83, 447 m² construidos | 4 recs. ,"3,000,000",Casa en venta , Managua 750 - Lindavista Sur - Gustavo A. Madero - Distrito Federal ,19.4929873,-99.1316322
84, 310 m² construidos | 3 recs. ,"1,510,000",Casa en venta , 653 0 - San Juan de Aragón V Sección - Gustavo A. Madero - Distrito Federal ,19.4549729,-99.0622658
85, 160 m² construidos | 3 recs. ,"8,750,000",Casa en venta , Avenida 531 0 - San Juan De Aragón - Gustavo A. Madero - Distrito Federal ,19.4635643,-99.0873252
86, 360 m² construidos | 4 recs. ,"3,000,000",Casa en venta , AVENIDA 508 20 - San Juan de Aragón I Sección - Gustavo A. Madero - Distrito Federal ,19.462765,-99.0929339
87, 171 m² construidos | 3 recs. ,"1,850,000",Casa en venta , Calle 637 - San Juan De Aragón - Gustavo A. Madero - Distrito Federal ,19.4539424,-99.0643202
88, 718 m² construidos | 3 recs. ,"8,750,000",Casa en venta , Wilfrido Massieu 418 - Lindavista - Gustavo A. Madero - Distrito Federal ,19.49906,-99.14807
89, 80 m² construidos | 3 recs. ,"2,750,000",Casa en venta , Valparaíso 153 - Tepeyac Insurgentes - Gustavo A. Madero - Distrito Federal ,19.4895388,-99.1200663
90, 250 m² construidos | 3 recs. ,"1,250,000",Casa en venta , 615 117 - San Juan De Aragón - Gustavo A. Madero - Distrito Federal ,19.4533039,-99.0671095
91, 475 m² construidos | 4 recs. ,"9,000,000",Casa en venta , Managua - Lindavista - Gustavo A. Madero - Distrito Federal ,19.4957771,-99.1291495
92, 428 m² construidos | 4 recs. ,"9,800,000",Casa en venta , Lindavista Norte - Gustavo A. Madero - Distrito Federal ,19.494112,-99.1276295
93, 368 m² construidos | 5 recs. ,"10,950,000",Casa en venta , Caracas 84 - Torres Lindavista - Gustavo A. Madero - Distrito Federal ,19.509636,-99.1417862
94, 430 m² construidos | 4 recs. ,"12,000,000",Casa en venta ," Managua, Lindavista, Gustavo A Madero 851 - Lindavista - Gustavo A. Madero - Distrito Federal ",19.4956008,-99.1291152
95, 165 m² construidos | 3 recs. ,"2,600,000",Casa en venta , Calle 1505 - San Juan De Aragón - Gustavo A. Madero - Distrito Federal ,19.4703174,-99.0697366
96, 241 m² construidos | 3 recs. ,"8,500,000",Casa en venta , Pisagua - Residencial Zacatenco - Gustavo A. Madero - Distrito Federal ,19.5057562,-99.1278897
97, 165 m² construidos | 3 recs. ,"2,600,000",Casa en venta , Calle 1505 45 - San Juan De Aragón 5a Secc. - Gustavo A. Madero - Distrito Federal ,19.4675997,-99.0703503
98, 617 m² construidos ,"7,980,000",Casa en venta , Fundidora de Monterrey 213 - Industrial - Gustavo A. Madero - Distrito Federal ,19.4765894,-99.1274457
99, 311 m² construidos | 4 recs. ,"6,700,000",Casa en venta , LindaVista - La Escalera - Gustavo A. Madero - Distrito Federal ,19.5037694,-99.1324282
100, 200 m² construidos | 5 recs. ,"3,495,000",Casa en venta , Primera Cerrada de Manati 8-1 - San Pedro Zacatenco - Gustavo A. Madero - Distrito Federal ,19.5088001,-99.1215018
101, 270 m² construidos | 3 recs. ,"4,899,000",Casa en venta , Lindavista Norte - Gustavo A. Madero - Distrito Federal ,19.494112,-99.1276295
102, 450 m² construidos | 3 recs. ,"15,600,000",Casa en venta , arequipa 884 - Lindavista - Gustavo A. Madero - Distrito Federal ,19.4918612,-99.1217688
103, 198 m² construidos | 6 recs. ,"5,270,000",Casa en venta , Industrial - Gustavo A. Madero - Distrito Federal ,19.4736233,-99.1248628
104, 570 m² construidos | 4 recs. ,"4,480,000",Casa en venta , Arequipa 831 - Lindavista Norte - Gustavo A. Madero - Distrito Federal ,19.4903572,-99.1226581
105, 440 m² construidos | 4 recs. ,"23,000,000",Casa en venta , Lindavista - Gustavo A. Madero - Distrito Federal ,19.5037694,-99.1324282
106, 146 m² construidos | 7 recs. ,"3,350,000",Casa en venta , Industria - Triunfo De La República - Gustavo A. Madero - Distrito Federal ,19.4873329,-99.1236134
107, 240 m² construidos | 3 recs. ,"6,600,000",Casa en venta , managua 788 - Lindavista - Gustavo A. Madero - Distrito Federal ,19.4940959,-99.1306867
108, 304 m² construidos | 6 recs. ,"8,500,000",Casa en venta , Latacunga 899 - Lindavista - Gustavo A. Madero - Distrito Federal ,19.4948768,-99.1244783
109, 360 m² construidos | 4 recs. ,"3,000,000",Casa en venta , Avenida 508 20 - San Juan De Aragón - Gustavo A. Madero - Distrito Federal ,19.462765,-99.0929339
110, 594 m² construidos | 4 recs. ,"18,500,000",Casa en venta , Cali 700 - Lindavista - Gustavo A. Madero - Distrito Federal ,19.4874913,-99.1266348
111, 185 m² construidos | 4 recs. ,"2,495,000",Casa en venta , Brasilia 318 - San Pedro Zacatenco - Gustavo A. Madero - Distrito Federal ,19.5074714,-99.1199017
112, 260 m² construidos | 3 recs. ,"6,430,000",Casa en venta , Callao - Lindavista Norte - Gustavo A. Madero - Distrito Federal ,19.4895261,-99.1254258
113, 200 m² construidos | 3 recs. ,"3,650,000",Casa en venta , Ampliación Progreso Nacional - Gustavo A. Madero - Distrito Federal ,19.5202862,-99.1606755
114, 80 m² construidos | 3 recs. ,"13,500",Casa en venta , Valparaíso 153 - Tepeyac Insurgentes - Gustavo A. Madero - Distrito Federal ,19.4895388,-99.1200663
115, 200 m² construidos | 4 recs. ,"618,978",Casa en venta , CALLE 623 50 - San Juan de Aragón IV Sección - Gustavo A. Madero - Distrito Federal ,19.4502291,-99.0652816
116, 110 m² construidos | 3 recs. ,"1,400,000",Casa en venta , Calle 641 235 - San Juan de Aragón V Sección - Gustavo A. Madero - Distrito Federal ,19.459416,-99.0650758
117, 709 m² construidos | 5 recs. ,"15,000,000",Casa en venta , Manta 714 - Lindavista Sur - Gustavo A. Madero - Distrito Federal ,19.4925374,-99.1349094
118, 350 m² construidos | 4 recs. ,"6,400,000",Casa en venta , Pernambuco - Lindavista Norte - Gustavo A. Madero - Distrito Federal ,19.4913741,-99.1256585
119, 350 m² construidos | 5 recs. ,"2,700,000",Casa en venta , ZORROS 33 - Otros - Gustavo A. Madero - Distrito Federal ,19.5288017,-99.1079185
120, 600 m² construidos | 5 recs. ,"8,300,000",Casa en venta , Lindavista Norte - Gustavo A. Madero - Distrito Federal ,19.494112,-99.1276295
121, 349 m² construidos | 4 recs. ,"8,500,000",Casa en venta , Manizales - Lindavista - Gustavo A. Madero - Distrito Federal ,19.4994383,-99.1270283
122, 140 m² construidos | 3 recs. ,"2,160,000",Casa en venta , Gustavo A. Madero - Distrito Federal ,19.4873329,-99.1236134
123, 687 m² construidos | 6 recs. ,"20,000,000",Casa en venta , MATANZAS 760 - Lindavista - Gustavo A. Madero - Distrito Federal ,19.492911,-99.1308934
124, 328 m² construidos | 4 recs. ,"5,650,000",Casa en venta , Pisco - Lindavista - Gustavo A. Madero - Distrito Federal ,19.4910865,-99.1366524
125, 456 m² construidos | 5 recs. ,"14,900,000",Casa en venta , Quito 1 - Lindavista - Gustavo A. Madero - Distrito Federal ,19.4967425,-99.1301253
126, 133 m² construidos | 3 recs. ,"718,330",Casa en venta , Gustavo A. Madero - Distrito Federal ,19.4873329,-99.1236134
127, 514 m² construidos | 8 recs. ,"10,990,000",Casa en venta , Salaverry 877 - Lindavista Sur - Gustavo A. Madero - Distrito Federal ,19.4976536,-99.1299855
128, 294 m² construidos | 5 recs. ,"4,200,000",Casa en venta , Debussy - Guadalupe Victoria - Gustavo A. Madero - Distrito Federal ,19.4702367,-99.139607
129, 116 m² construidos | 5 recs. ,"2,300,000",Casa en venta , VOLCAN CHACAGUA 2 - Pradera II Secc. - Gustavo A. Madero - Distrito Federal ,19.4728978,-99.0641053
130, 80 m² construidos | 2 recs. ,"2,000,000",Casa en venta , Avenida 593 90 - San Juan De Aragón 3a Secc. - Gustavo A. Madero - Distrito Federal ,19.4529595,-99.0729938
131, 309 m² construidos | 4 recs. ,"1,250,000",Casa en venta , MANAGUA 730 - Lindavista Sur - Gustavo A. Madero - Distrito Federal ,19.4925757,-99.1320607
132, 562 m² construidos ,"25,000,000",Casa en venta , 5 de mayo villa gustavo a. madero - Villa Gustavo A. Madero - Gustavo A. Madero - Distrito Federal ,19.4862493,-99.1180625
133, 220 m² construidos | 4 recs. ,"1,370,020",Casa en venta , CHICLAYO 0 - Lindavista - Gustavo A. Madero - Distrito Federal ,19.4896721,-99.1310756
134, 320 m² construidos | 7 recs. ,"3,840,000",Casa en venta , CANTERA ALFONSA 507 - Arboledas De Cuautepec El Alto - Gustavo A. Madero - Distrito Federal ,19.5649311,-99.1329788
135, 116 m² construidos | 2 recs. ,"1,800,000",Casa en venta , NORTE 17 5010 - Magdalena De Las Salinas - Gustavo A. Madero - Distrito Federal ,19.4805772,-99.1474936
136, 295 m² construidos | 3 recs. ,"11,050,000",Casa en venta , SAN JUAN PUERTO RICO - Residencial Zacatenco - Gustavo A. Madero - Distrito Federal ,19.5057482,-99.1271988
137, 590 m² construidos | 4 recs. ,"18,500,000",Casa en venta , insurgentes 1990 - Lindavista Norte - Gustavo A. Madero - Distrito Federal ,19.4988592,-99.1179317
138, 590 m² construidos | 4 recs. ,"18,500,000",Casa en venta , cali 00 - Lindavista - Gustavo A. Madero - Distrito Federal ,19.4866262,-99.1274673
139, 263 m² construidos | 4 recs. ,"4,950,000",Casa en venta , Villa Cuitlahuac 23 - Villa De Aragón - Gustavo A. Madero - Distrito Federal ,19.4677927,-99.0605356
140, 674 m² construidos | 4 recs. ,"13,500,000",Casa en venta , San Juan de Puerto Rico 1208 - Residencial Zacatenco - Gustavo A. Madero - Distrito Federal ,19.506025,-99.1274349
141, 300 m² construidos | 2 recs. ,"6,000,000",Casa en venta , Congreso de la Unión - Mártires De Río Blanco - Gustavo A. Madero - Distrito Federal ,19.459966,-99.1133325
142, 320 m² construidos | 3 recs. ,"2,285,564",Casa en venta , Gustavo A. Madero - Distrito Federal ,19.4873329,-99.1236134
143, 125 m² construidos | 3 recs. ,"2,600,000",Casa en venta , Calle 1505 50 - San Juan de Aragón VI Sección - Gustavo A. Madero - Distrito Federal ,19.4677367,-99.0703589
144, 171 m² construidos | 3 recs. ,"1,850,000",Casa en venta , Calle 637 70 - San Juan de Aragón V Sección - Gustavo A. Madero - Distrito Federal ,19.4547375,-99.0644779
145, 399 m² construidos | 10 recs. ,"7,800,000",Casa en venta , FRANCISCO TAMAGNO - Vallejo - Gustavo A. Madero - Distrito Federal ,19.4652202,-99.1332182
146, 370 m² construidos | 4 recs. ,"5,400,000",Casa en venta , Paranagua 217 - Lindavista - Gustavo A. Madero - Distrito Federal ,19.5087949,-99.1257137
147, 91 m² construidos | 3 recs. ,"3,600,000",Casa en venta , Avenida Acueducto - Residencial Zacatenco - Gustavo A. Madero - Distrito Federal ,19.5063144,-99.122174
148, 200 m² construidos | 3 recs. ,"4,000,000",Casa en venta , Estrella - Gustavo A. Madero - Distrito Federal ,19.4740421,-99.1165633
149, 371 m² construidos | 3 recs. ,"4,800,364",Casa en venta , Gustavo A. Madero - Distrito Federal ,19.4873329,-99.1236134
150, 365 m² construidos | 6 recs. ,"9,900,000",Casa en venta , Cienfuegos - Lindavista Sur - Gustavo A. Madero - Distrito Federal ,19.4927791,-99.1298287
151, 280 m² construidos | 3 recs. ,"9,150,000",Casa en venta , Wilfrido Massieu - Lindavista Sur - Gustavo A. Madero - Distrito Federal ,19.495299,-99.1365879
152, 234 m² construidos | 3 recs. ,"6,500,000",Casa en venta , MANIZALES - Residencial Zacatenco - Gustavo A. Madero - Distrito Federal ,19.5005442,-99.126119
153, 1 m² construidos ,"4,840,000",Casa en venta , Industrial - Gustavo A. Madero - Distrito Federal ,19.4736233,-99.1248628
154, 310 m² construidos | 4 recs. ,"16,900,000",Casa en venta , WILFRIDO MASSIEU 347 - San Bartolo Atepehuacan - Gustavo A. Madero - Distrito Federal ,19.4978168,-99.1447183
155, 370 m² construidos | 4 recs. ,"3,429,282",Casa en venta , Gustavo A. Madero - Distrito Federal ,19.4873329,-99.1236134
156, 186 m² construidos | 4 recs. ,"9,500,000",Casa en venta , Torres Lindavista - Gustavo A. Madero - Distrito Federal ,19.5109537,-99.1442316
157, 200 m² construidos | 5 recs. ,"6,000,000",Casa en venta , Oriente 153 1 - Salvador Díaz Mirón - Gustavo A. Madero - Distrito Federal ,19.4864765,-99.1003589
158, 382 m² construidos | 4 recs. ,"13,300,000",Casa en venta , Lindavista Norte - Gustavo A. Madero - Distrito Federal ,19.494112,-99.1276295
159, 140 m² construidos | 4 recs. ,"4,450,000",Casa en venta , Industrial 0 - Industrial - Gustavo A. Madero - Distrito Federal ,19.4736233,-99.1248628
160, 360 m² construidos | 5 recs. ,"7,500,000",Casa en venta , Lindavista Sur - Gustavo A. Madero - Distrito Federal ,19.4908853,-99.1331631
161, 159 m² construidos | 3 recs. ,"4,980,000",Casa en venta , Manaos 0 - San Pedro Zacatenco - Gustavo A. Madero - Distrito Federal ,19.5082719,-99.1216215
162, 255 m² construidos | 3 recs. ,"6,500,000",Casa en venta , Diamante - Estrella - Gustavo A. Madero - Distrito Federal ,19.4756965,-99.1175085
163, 287 m² construidos | 5 recs. ,"7,150,000",Casa en venta , Av Bonao 113 - Lindavista Norte - Gustavo A. Madero - Distrito Federal ,19.5010874,-99.1296937
164, 266 m² construidos | 3 recs. ,"7,000,000",Casa en venta , Arequipa 891 - Lindavista Norte - Gustavo A. Madero - Distrito Federal ,19.4923104,-99.1213717
165, 382 m² construidos | 3 recs. ,"3,000,000",Casa en venta , Coquimbo 669 - Lindavista - Gustavo A. Madero - Distrito Federal ,19.4869719,-99.1280392
166, 208 m² construidos | 3 recs. ,"4,800,000",Casa en venta , 7 de Noviembre - Gustavo A. Madero - Distrito Federal ,19.4612738,-99.1214045
167, 300 m² construidos | 3 recs. ,"900,000",Casa en venta , León Cavallo 85 - Vallejo - Gustavo A. Madero - Distrito Federal ,19.4683297,-99.128685
168, 290 m² construidos | 4 recs. ,"718,794",Casa en venta , FARO DE ALEJANDRIA 38 - Siete Maravillas - Gustavo A. Madero - Distrito Federal ,19.5143762,-99.1450048
169, 180 m² construidos | 3 recs. ,"4,000,000",Casa en venta , Calle 319 001 - El Coyol - Gustavo A. Madero - Distrito Federal ,19.4900926,-99.0877921
170, 255 m² construidos | 5 recs. ,"2,800,000",Casa en venta , Norte 56-A 5210 - Tablas De San Agustín - Gustavo A. Madero - Distrito Federal ,19.465133,-99.1146138
171, 360 m² construidos | 4 recs. ,"3,130,000",Casa en venta , Gustavo A. Madero - Distrito Federal ,19.4873329,-99.1236134
172, 180 m² construidos | 3 recs. ,"6,200,000",Casa en venta , Lindavista Norte - Gustavo A. Madero - Distrito Federal ,19.494112,-99.1276295
173, 204 m² construidos | 4 recs. ,"2,839,000",Casa en venta , Gustavo A. Madero - Distrito Federal ,19.4873329,-99.1236134
174, 360 m² construidos | 5 recs. ,"4,200,000",Casa en venta , TLACAMICHIN 466 - Santa Isabel Tola - Gustavo A. Madero - Distrito Federal ,19.5028772,-99.1143009
175, 180 m² construidos | 4 recs. ,"4,100,000",Casa en venta , San Juan de Aragón VI Sección - Gustavo A. Madero - Distrito Federal ,19.4677043,-99.0667845
176, 270 m² construidos | 3 recs. ,"1,500,000",Casa en venta , Volcán Santa María 38 - Ampliación Providencia - Gustavo A. Madero - Distrito Federal ,19.4785446,-99.0721519
177, 300 m² construidos | 3 recs. ,"2,665,302",Casa en venta , Gustavo A. Madero - Distrito Federal ,19.4873329,-99.1236134
178, 476 m² construidos | 4 recs. ,"10,900,000",Casa en venta , Matanzas - Lindavista Norte - Gustavo A. Madero - Distrito Federal ,19.4970395,-99.1272213
179, 74 m² construidos | 2 recs. ,"1,800,000",Casa en venta , Venta Casa - Gustavo A. Madero - Distrito Federal ,19.4873329,-99.1236134
180, 75 m² construidos | 2 recs. ,"645,000",Casa en venta , 4o. Andador Río San Joaquín 0 - El Arbolillo - Gustavo A. Madero - Distrito Federal ,19.5316446,-99.1481809
181, 360 m² construidos | 4 recs. ,"7,500,000",Casa en venta , Eten - Lindavista Norte - Gustavo A. Madero - Distrito Federal ,19.4904673,-99.1386354
182, 303 m² construidos | 5 recs. ,"8,650,000",Casa en venta , RIOBAMBA 947 - Lindavista - Gustavo A. Madero - Distrito Federal ,19.4955338,-99.1229077
183, 217 m² construidos | 3 recs. ,"3,400,000",Casa en venta , Ampliación San Juan de Aragón - Gustavo A. Madero - Distrito Federal ,19.4753714,-99.1048072
184, 465 m² construidos | 3 recs. ,"12,800,000",Casa en venta , Avenida de los 45 metros - Planetario Lindavista - Gustavo A. Madero - Distrito Federal ,19.4938504,-99.1411118
185, 477 m² construidos | 4 recs. ,"12,900,000",Casa en venta , Caracas - Lindavista - Gustavo A. Madero - Distrito Federal ,19.5108456,-99.1422926
186, 136 m² construidos | 3 recs. ,"2,450,000",Casa en venta , Puerto Progreso 130 - Ampliación Casas Alemán - Gustavo A. Madero - Distrito Federal ,19.4790921,-99.0824946
187, 368 m² construidos | 5 recs. ,"7,800,000",Casa en venta , Prolongación de Turquesa 33 - Estrella - Gustavo A. Madero - Distrito Federal ,19.4724848,-99.1158688
188, 262 m² construidos | 6 recs. ,"2,400,000",Casa en venta , Edo. de Querétaro 42 - Providencia - Gustavo A. Madero - Distrito Federal ,19.4822354,-99.0678336
189, 600 m² construidos | 3 recs. ,"3,956,000",Casa en venta , Gustavo A. Madero - Distrito Federal ,19.4873329,-99.1236134
190, 220 m² construidos | 4 recs. ,"1,370,020",Casa en venta , CHICLAYO 967 - Lindavista - Gustavo A. Madero - Distrito Federal ,19.4971922,-99.1245386
191, 193 m² construidos | 6 recs. ,"4,200,000",Casa en venta , Peñas de los Baños 3a Cerrada de la Av. 601 Casa 3 Lt.8 - San Juan De Aragón - Gustavo A. Madero - Distrito Federal ,37.0582786,-120.8499151
192, 244 m² construidos | 5 recs. ,"5,200,000",Casa en venta , Turmalina - Estrella - Gustavo A. Madero - Distrito Federal ,19.4745274,-99.1146477
193, 213 m² construidos | 8 recs. ,"3,300,000",Casa en venta , Cerrada Emiliano Zapata Manzana 282A Lote 20 - San Felipe De Jesús - Gustavo A. Madero - Distrito Federal ,19.4912471,-99.0851662
194, 200 m² construidos | 4 recs. ,"6,500,000",Casa en venta , Norte 7-a 4702 - Defensores De La República - Gustavo A. Madero - Distrito Federal ,19.4758671,-99.1448011
195, 406 m² construidos | 4 recs. ,"8,000,000",Casa en venta , La Hormiga - Tepeyac Insurgentes - Gustavo A. Madero - Distrito Federal ,19.4817173,-99.1263856
196, 230 m² construidos | 6 recs. ,"6,500,000",Casa en venta , Arroyo de Ahuehuetes 0 - Residencial La Escalera - Gustavo A. Madero - Distrito Federal ,19.5108176,-99.1395396
197, 126 m² construidos | 3 recs. ,"2,350,000",Casa en venta , Leon Cavallo 0 - Vallejo - Gustavo A. Madero - Distrito Federal ,19.4689879,-99.1307623
198, 168 m² construidos | 4 recs. ,"5,500,000",Casa en venta , Acueducto De Guadalupe - Gustavo A. Madero - Distrito Federal ,19.5232329,-99.1490745
199, 320 m² construidos | 4 recs. ,"8,650,000",Casa en venta , LIMA - Lindavista Norte - Gustavo A. Madero - Distrito Federal ,19.4915664,-99.1281871
200, 380 m² construidos | 5 recs. ,"7,800,000",Casa en venta , Lindavista - Gustavo A. Madero - Distrito Federal ,19.5037694,-99.1324282
201, 369 m² construidos | 3 recs. ,"6,900,000",Casa en venta , Valle Del Tepeyac - Gustavo A. Madero - Distrito Federal ,19.4882202,-99.1421561
202, 514 m² construidos | 7 recs. ,"10,850,000",Casa en venta , Salaverry - Lindavista - Gustavo A. Madero - Distrito Federal ,19.5011543,-99.1273622
203, 298 m² construidos | 4 recs. ,"8,995,000",Casa en venta , Callao - Lindavista Norte - Gustavo A. Madero - Distrito Federal ,19.4895261,-99.1254258
204, 292 m² construidos | 6 recs. ,"6,500,000",Casa en venta , Bartolo Vergara 70 - Guadalupe Insurgentes - Gustavo A. Madero - Distrito Federal ,19.4729499,-99.1339814
205, 245 m² construidos | 3 recs. ,"5,300,000",Casa en venta , Mollendo 984 - Lindavista Norte - Gustavo A. Madero - Distrito Federal ,19.4901663,-99.1322521
206, 473 m² construidos | 5 recs. ,"3,800,000",Casa en venta , JOSÉ MARÍA MATA - Constitución De La República - Gustavo A. Madero - Distrito Federal ,19.4842339,-99.1003219
207, 320 m² construidos | 3 recs. ,"8,200,000",Casa en venta , Managua 871 - Lindavista Norte - Gustavo A. Madero - Distrito Federal ,19.4961987,-99.1287663
208, 447 m² construidos | 4 recs. ,"3,130,000,000",Casa en venta , Gustavo A. Madero - Distrito Federal ,19.4873329,-99.1236134
209, 464 m² construidos | 4 recs. ,"26,700,000",Casa en venta , Prolongacion Xochiquetzal - Santa Isabel Tola - Gustavo A. Madero - Distrito Federal ,19.496788,-99.1125446
210, 170 m² construidos | 3 recs. ,"3,980,000",Casa en venta , Villa de Aragon - Villa De Aragón - Gustavo A. Madero - Distrito Federal ,19.4672793,-99.0605643
211, 233 m² construidos | 3 recs. ,"4,500,000",Casa en venta , Residencial Acueducto de Guadalupe - Gustavo A. Madero - Distrito Federal ,19.5232329,-99.1490745
212, 250 m² construidos | 3 recs. ,"8,000,000",Casa en venta , Lindavista Norte - Gustavo A. Madero - Distrito Federal ,19.494112,-99.1276295
213, 239 m² construidos | 4 recs. ,"4,600,000",Casa en venta , Calle 38 A - Santa Rosa - Gustavo A. Madero - Distrito Federal ,19.5257464,-99.1716095
214, 410 m² construidos | 4 recs. ,"11,000,000",Casa en venta , Recife - Lindavista Norte - Gustavo A. Madero - Distrito Federal ,19.4910669,-99.1380384
215, 290 m² construidos | 4 recs. ,"760,000",Casa en venta , CALLE 317 31 - El Coyol - Gustavo A. Madero - Distrito Federal ,19.4890198,-99.088645
216, 190 m² construidos | 3 recs. ,"900,000",Casa en venta , León Cavallo 78 - Vallejo - Gustavo A. Madero - Distrito Federal ,19.4680879,-99.1284833
217, 267 m² construidos | 3 recs. ,"6,250,000",Casa en venta , Lindavista Norte - Gustavo A. Madero - Distrito Federal ,19.494112,-99.1276295
218, 403 m² construidos | 4 recs. ,"6,397,500",Casa en venta , Av.de los cien metros - Vallejo - Gustavo A. Madero - Distrito Federal ,19.4832889,-99.1495503
219, 226 m² construidos | 4 recs. ,"7,190,000",Casa en venta , Norte 19A - Nueva Vallejo - Gustavo A. Madero - Distrito Federal ,19.4845593,-99.1485737
220, 254 m² construidos | 3 recs. ,"4,950,000",Casa en venta , Granate - Estrella - Gustavo A. Madero - Distrito Federal ,19.472989,-99.1180152
221, 364 m² construidos | 5 recs. ,"5,250,000",Casa en venta , Santa Isabel Tola - Gustavo A. Madero - Distrito Federal ,19.4977577,-99.113797
222, 151 m² construidos | 3 recs. ,"1,850,000",Casa en venta , Guadalupe Proletaria - Gustavo A. Madero - Distrito Federal ,19.5202827,-99.1487381
223, 200 m² construidos | 4 recs. ,"2,350,000",Casa en venta , La Casilda - Gustavo A. Madero - Distrito Federal ,19.5554408,-99.1241711
224, 360 m² construidos | 4 recs. ,"3,000,000",Casa en venta , Avenida 508 30 - San Juan de Aragón I Sección - Gustavo A. Madero - Distrito Federal ,19.4625526,-99.092335
225, 180 m² construidos | 3 recs. ,"6,500,000",Casa en venta , Poniente 126 - Nueva Vallejo - Gustavo A. Madero - Distrito Federal ,19.4863179,-99.1477199
226, 500 m² construidos | 4 recs. ,"15,200,000",Casa en venta , San Bartolo Atepehuacan - Gustavo A. Madero - Distrito Federal ,19.4925705,-99.1435398
227, 358 m² construidos | 6 recs. ,"3,800,000",Casa en venta , 22 118 - Guadalupe Proletaria - Gustavo A. Madero - Distrito Federal ,19.5221801,-99.1553016
228, 125 m² construidos | 4 recs. ,"2,150,000",Casa en venta , Rio San Pedro - Jorge Negrete - Gustavo A. Madero - Distrito Federal ,19.5289349,-99.1464039
229, 80 m² construidos | 3 recs. ,"2,000,000",Casa en venta , AV HENRY FORD 351 - Bondojito - Gustavo A. Madero - Distrito Federal ,19.4662379,-99.1084775
230, 400 m² construidos | 4 recs. ,"4,950,000",Casa en venta , Poniente - Magdalena De Las Salinas - Gustavo A. Madero - Distrito Federal ,19.4813447,-99.146999
231, 382 m² construidos | 3 recs. ,"3,000,000",Casa en venta , COQUIMBO 680 - Lindavista - Gustavo A. Madero - Distrito Federal ,19.4874448,-99.1279073
232, 430 m² construidos ,"8,200,000",Casa en venta , Chiclayo 680 - Lindavista Sur - Gustavo A. Madero - Distrito Federal ,19.4894379,-99.1312825
233, 230 m² construidos | 3 recs. ,"2,650,000",Casa en venta , NORTE 19 5222 - Nueva Vallejo - Gustavo A. Madero - Distrito Federal ,19.4855042,-99.1479894
234, 411 m² construidos | 4 recs. ,"6,499,999",Casa en venta , cuauhtemoc 38 - Aragón - Gustavo A. Madero - Distrito Federal ,19.4811222,-99.1163255
235, 634 m² construidos | 7 recs. ,"6,900,000",Casa en venta , Calle 28 101 - Progreso Nacional - Gustavo A. Madero - Distrito Federal ,19.5191104,-99.1545448
236, 260 m² construidos | 3 recs. ,"5,500,000",Casa en venta , Venta Casa - Gustavo A. Madero - Distrito Federal ,19.4873329,-99.1236134
237, 528 m² construidos | 3 recs. ,"3,400,000",Casa en venta , Norte 9 A 5143 - Panamericana - Gustavo A. Madero - Distrito Federal ,19.4822413,-99.1442965
238, 235 m² construidos | 3 recs. ,"2,450,469",Casa en venta , Gustavo A. Madero - Distrito Federal ,19.4873329,-99.1236134
239, 256 m² construidos | 3 recs. ,"3,500,000",Casa en venta , NORTE 66 - Mártires De Río Blanco - Gustavo A. Madero - Distrito Federal ,19.4606618,-99.1110528
240, 136 m² construidos | 3 recs. ,"2,450,000",Casa en venta , Puerto Progreso 124 - Casas Alemán Amp - Gustavo A. Madero - Distrito Federal ,19.4789855,-99.0826287
241, 306 m² construidos | 3 recs. ,"5,200,000",Casa en venta , Villa Gustavo A. Madero - Gustavo A. Madero - Distrito Federal ,19.4824369,-99.1130974
242, 258 m² construidos | 4 recs. ,"8,450,000",Casa en venta , Lindavista - Gustavo A. Madero - Distrito Federal ,19.5037694,-99.1324282
243, 382 m² construidos | 4 recs. ,"13,300,000",Casa en venta , Managua - Lindavista Sur - Gustavo A. Madero - Distrito Federal ,19.4936024,-99.1309361
244, 240 m² construidos | 3 recs. ,"4,500,000",Casa en venta , Santa Isabel Tola - Gustavo A. Madero - Distrito Federal ,19.4977577,-99.113797
245, 215 m² construidos | 4 recs. ,"3,700,000",Casa en venta , Jorge Negrete - Gustavo A. Madero - Distrito Federal ,19.5264606,-99.1435398
246, 345 m² construidos | 6 recs. ,"6,500,000",Casa en venta , Puerto de la Paz 1 - Casas Alemán Amp - Gustavo A. Madero - Distrito Federal ,19.4757639,-99.087586
247, 200 m² construidos | 4 recs. ,"5,800,000",Casa en venta , oriente 153 3210 - Salvador Díaz Mirón - Gustavo A. Madero - Distrito Federal ,19.487256,-99.1018565
248, 185 m² construidos | 4 recs. ,"1,941,216",Casa en venta , Gustavo A. Madero - Distrito Federal ,19.4873329,-99.1236134
249, 450 m² construidos | 3 recs. ,"13,000,000",Casa en venta , Lindavista Norte - Gustavo A. Madero - Distrito Federal ,19.494112,-99.1276295
250, 470 m² construidos | 4 recs. ,"9,200,000",Casa en venta , Chiclayo - Lindavista - Gustavo A. Madero - Distrito Federal ,19.4920639,-99.1288606
251, 245 m² construidos | 4 recs. ,"2,692,303",Casa en venta , Gustavo A. Madero - Distrito Federal ,19.4873329,-99.1236134
252, 358 m² construidos | 4 recs. ,"7,500,000",Casa en venta , Eten - Lindavista Sur - Gustavo A. Madero - Distrito Federal ,19.4920746,-99.1383258
253, 475 m² construidos | 6 recs. ,"5,600,000",Casa en venta , 1531 28 - San Juan De Aragón 6a Secc. - Gustavo A. Madero - Distrito Federal ,19.4686303,-99.0923614
254, 190 m² construidos | 4 recs. ,"5,950,000",Casa en venta , Guayaquil 11 - Lindavista Sur - Gustavo A. Madero - Distrito Federal ,19.4941153,-99.1343953
255, 384 m² construidos | 7 recs. ,"9,000,000",Casa en venta , Matanzas - Lindavista Norte - Gustavo A. Madero - Distrito Federal ,19.4970395,-99.1272213
256, 390 m² construidos | 5 recs. ,"2,800,000",Casa en venta , Cerrada Borondín 0 - Vallejo - Gustavo A. Madero - Distrito Federal ,19.4675927,-99.1421561
257, 186 m² construidos | 4 recs. ,"564,000",Casa en venta , CAMINA A LA ENSEÑANZA 0 - Campestre Aragón - Gustavo A. Madero - Distrito Federal ,19.4840308,-99.0798513
258, 370 m² construidos | 4 recs. ,"5,568,000",Casa en venta , Gustavo A. Madero - Distrito Federal ,19.4873329,-99.1236134
259, 466 m² de terreno | 8 recs. ,"9,250,000",Casa en venta , Casa muy Amplia y con Excelente Ubicación en Gustavo A. Madero - San Pedro El Chico - Gustavo A. Madero - Distrito Federal ,19.4713346,-99.0977366
260, 70 m² construidos | 2 recs. ,"686,000",Casa en venta , TENAYUCA 551 - Zona Escolar - Gustavo A. Madero - Distrito Federal ,19.528353,-99.1639804
261, 285 m² construidos ,"4,300,000",Casa en venta , Jose Maria Mata - Constitución De La República - Gustavo A. Madero - Distrito Federal ,19.4842339,-99.1003219
262, 180 m² construidos | 3 recs. ,"1,150,000",Casa en venta , Turquesa 43 - Estrella - Gustavo A. Madero - Distrito Federal ,19.4727725,-99.1157077
263, 240 m² construidos | 3 recs. ,"4,500,000",Casa en venta , Tepetates - Santa Isabel Tola - Gustavo A. Madero - Distrito Federal ,19.4929862,-99.1134512
264, 165 m² construidos | 3 recs. ,"2,600,000",Casa en venta , Calle 1505 45 - San Juan De Aragón 6a Secc. - Gustavo A. Madero - Distrito Federal ,19.4675997,-99.0703503
265, 170 m² construidos | 3 recs. ,"6,200,000",Casa en venta , Residencial Zacatenco - Gustavo A. Madero - Distrito Federal ,19.5002857,-99.1220962
266, 240 m² construidos | 3 recs. ,"5,600,000",Casa en venta , San Pedro Zacatenco - Gustavo A. Madero - Distrito Federal ,19.5069515,-99.1214045
267, 990 m² construidos | 4 recs. ,"11,900,000",Casa en venta , Garrido 131 - Villa Gustavo A. Madero - Gustavo A. Madero - Distrito Federal ,19.4821859,-99.1158557
268, 457 m² construidos | 3 recs. ,"8,200,000",Casa en venta , 6 de Octubre 25 - San Bartolo Atepehuacan - Gustavo A. Madero - Distrito Federal ,19.4919861,-99.1434857
269, 168 m² construidos | 4 recs. ,"5,501,000",Casa en venta , Acueducto De Guadalupe - Gustavo A. Madero - Distrito Federal ,19.5232329,-99.1490745
270, 265 m² construidos | 4 recs. ,"1,941,216",Casa en venta , Gustavo A. Madero - Distrito Federal ,19.4873329,-99.1236134
271, 110 m² construidos | 3 recs. ,"2,600,000",Casa en venta , Temaca 0 - Aragón Inguaran - Gustavo A. Madero - Distrito Federal ,19.4710381,-99.1079434
272, 166 m² construidos | 3 recs. ,"4,200,000",Casa en venta , ARAGON000 - Villa De Aragón - Gustavo A. Madero - Distrito Federal ,19.4672793,-99.0605643
273, 136 m² construidos | 3 recs. ,"2,325,000",Casa en venta , Gustavo A. Madero - Distrito Federal ,19.4873329,-99.1236134
274, 600 m² construidos | 4 recs. ,"6,400,000",Casa en venta , La Malinche - Gustavo A. Madero - Distrito Federal ,19.4521469,-99.1051529
275, 210 m² construidos | 4 recs. ,"991,298",Casa en venta , Sosola 566 - Valle Del Tepeyac - Gustavo A. Madero - Distrito Federal ,19.4882662,-99.1417021
276, 255 m² construidos | 5 recs. ,"2,800,000",Casa en venta , Norte 56-A 5203 - Tablas De San Agustín - Gustavo A. Madero - Distrito Federal ,19.4649797,-99.114493
277, 222 m² construidos | 3 recs. ,"4,800,000",Casa en venta , Guadalupe Victoria - Gustavo A. Madero - Distrito Federal ,19.4706794,-99.1393889
278, 231 m² construidos | 7 recs. ,"2,500,000",Casa en venta , Loma La Palma - Gustavo A. Madero - Distrito Federal ,19.5551602,-99.1442316
279, 400 m² de terreno | 4 recs. ,"12,630,000",Casa en venta , Casa muy Amplia en Colonia Lindavista - Gustavo A. Madero - Distrito Federal ,19.5037694,-99.1324282
280, 370 m² construidos | 5 recs. ,"3,900,000",Casa en venta , Polar - Tepeyac Insurgentes - Gustavo A. Madero - Distrito Federal ,19.4803043,-99.1254627
281, 447 m² construidos | 4 recs. ,"4,600,000",Casa en venta , Managua 725 - Lindavista Sur - Gustavo A. Madero - Distrito Federal ,19.4924435,-99.1318217
282, 570 m² construidos | 4 recs. ,"6,300,000",Casa en venta , Del Pielago - Residencial Acueducto de Guadalupe - Gustavo A. Madero - Distrito Federal ,19.5260344,-99.1548685
283, 220 m² construidos | 3 recs. ,"860,000",Casa en venta , DEL GOLFO 00 - Acueducto De Guadalupe - Gustavo A. Madero - Distrito Federal ,19.5245668,-99.1526169
284, 215 m² construidos | 4 recs. ,"3,700,000",Casa en venta , Jorge Negrete - Gustavo A. Madero - Distrito Federal ,19.5264606,-99.1435398
285, 357 m² construidos | 3 recs. ,"3,900,000",Casa en venta , Chiconautla Mz. 17 -1 Lt. 5 - Santa Isabel Tola - Gustavo A. Madero - Distrito Federal ,19.4989607,-99.1098439
286, 245 m² construidos | 4 recs. ,"4,600,000",Casa en venta , Ambato - Gustavo A. Madero - Distrito Federal ,19.5000712,-99.1288767
287, 201 m² construidos | 3 recs. ,"4,500,000",Casa en venta , Guadalupe Victoria - Gustavo A. Madero - Distrito Federal ,19.4706794,-99.1393889
288, 230 m² construidos | 5 recs. ,"6,500,000",Casa en venta , Arroyo de Ahuehuetes null - Residencial La Escalera - Gustavo A. Madero - Distrito Federal ,19.5108176,-99.1395396
289, 540 m² construidos ,"5,500,000",Casa en venta , San Juan de Aragón III Sección - Gustavo A. Madero - Distrito Federal ,19.4526915,-99.0723139
290, 168 m² construidos | 4 recs. ,"5,500,001",Casa en venta , Acueducto De Guadalupe - Gustavo A. Madero - Distrito Federal ,19.5232329,-99.1490745
291, 265 m² construidos | 4 recs. ,"3,031,061",Casa en venta , Gustavo A. Madero - Distrito Federal ,19.4873329,-99.1236134
292, 288 m² construidos | 4 recs. ,"6,500,000",Casa en venta , Cienfuegos - Lindavista Sur - Gustavo A. Madero - Distrito Federal ,19.4927791,-99.1298287
293, 150 m² construidos | 5 recs. ,"3,999,999",Casa en venta , NORTE 70 5847 - Bondojito - Gustavo A. Madero - Distrito Federal ,19.4676335,-99.1068865
294, 200 m² construidos | 3 recs. ,"10,950,000",Casa en venta , Uruyen 55 - Torres Lindavista - Gustavo A. Madero - Distrito Federal ,19.5121693,-99.1441736
295, 130 m² construidos | 3 recs. ,"569,030",Casa en venta , CALLE 313 00 - El Coyol - Gustavo A. Madero - Distrito Federal ,19.4881312,-99.0900856
296, 60 m² construidos | 2 recs. ,"1,150,100",Casa en venta , Insurgentes Norte 1260 - Capultitlán - Gustavo A. Madero - Distrito Federal ,19.4775147,-99.133055
297, 204 m² construidos | 3 recs. ,"2,839,000",Casa en venta , Gustavo A. Madero - Distrito Federal ,19.4873329,-99.1236134
298, 246 m² construidos | 3 recs. ,"8,850,000",Casa en venta , Chiclayo 1 - Lindavista Norte - Gustavo A. Madero - Distrito Federal ,19.4920639,-99.1288606
299, 168 m² construidos | 4 recs. ,"5,500,003",Casa en venta , Acueducto De Guadalupe - Gustavo A. Madero - Distrito Federal ,19.5232329,-99.1490745
300, 300 m² construidos | 4 recs. ,"3,928,000",Casa en venta , Del Bosque - Gustavo A. Madero - Distrito Federal ,19.5441434,-99.1435398
301, 181 m² construidos | 3 recs. ,"4,290,000",Casa en venta , Huancayo 0 - Colonia Lindavista Norte - Gustavo A. Madero - Distrito Federal ,19.4940109,-99.1393224
302, 220 m² construidos | 3 recs. ,"798,500",Casa en venta , Gustavo A. Madero - Distrito Federal ,19.4873329,-99.1236134
303, 399 m² construidos | 10 recs. ,"7,800,000",Casa en venta , Francisco Tamagno 187 - Vallejo - Gustavo A. Madero - Distrito Federal ,19.4653435,-99.1330792
304, 168 m² construidos | 4 recs. ,"5,500,000",Casa en venta , Acueducto De Guadalupe - Gustavo A. Madero - Distrito Federal ,19.5232329,-99.1490745
305, 165 m² construidos | 3 recs. ,"2,742,000",Casa en venta , Gustavo A. Madero - Distrito Federal ,19.4873329,-99.1236134
306, 194 m² construidos | 4 recs. ,"1,350,000",Casa en venta , HUASTECA 0 - Industrial - Gustavo A. Madero - Distrito Federal ,19.4725932,-99.1250777
307, 270 m² construidos | 3 recs. ,"1,850,000",Casa en venta , Gustavo A. Madero - Distrito Federal ,19.4873329,-99.1236134
308, 160 m² construidos | 3 recs. ,"1,098,500",Casa en venta , Gustavo A. Madero - Distrito Federal ,19.4873329,-99.1236134
309, 300 m² construidos | 4 recs. ,"1,398,500",Casa en venta , Gustavo A. Madero - Distrito Federal ,19.4873329,-99.1236134
310, 250 m² construidos | 3 recs. ,"3,380,000",Casa en venta , Gustavo A. Madero - Distrito Federal ,19.4873329,-99.1236134
311, 180 m² construidos | 3 recs. ,"1,188,500",Casa en venta , Gustavo A. Madero - Distrito Federal ,19.4873329,-99.1236134
312, 137 m² construidos | 2 recs. ,"3,700,000",Casa en venta , JADE 15 - Estrella - Gustavo A. Madero - Distrito Federal ,19.4725065,-99.1175683
313, 184 m² construidos | 3 recs. ,"1,643,800",Casa en venta , Gustavo A. Madero - Distrito Federal ,19.4873329,-99.1236134
314, 233 m² construidos ,"5,700,000",Casa en venta , Lindavista Norte - Gustavo A. Madero - Distrito Federal ,19.494112,-99.1276295
315, 270 m² construidos | 3 recs. ,"3,308,816",Casa en venta , Gustavo A. Madero - Distrito Federal ,19.4873329,-99.1236134
316, 300 m² construidos | 4 recs. ,"12,380,000",Casa en venta , pernambuco 00 - Lindavista Norte - Gustavo A. Madero - Distrito Federal ,19.4913741,-99.1256585
317, 190 m² construidos | 3 recs. ,"900,000",Casa en venta , León Cavallo 78 - Vallejo - Gustavo A. Madero - Distrito Federal ,19.4680879,-99.1284833
318, 560 m² construidos | 1 rec. ,"8,900,000",Casa en venta , Privada de Francisco moreno - Villa Gustavo A. Madero - Gustavo A. Madero - Distrito Federal ,19.4816996,-99.1104889
319, 370 m² construidos | 4 recs. ,"3,429,282,000",Casa en venta , Gustavo A. Madero - Distrito Federal ,19.4873329,-99.1236134
320, 194 m² construidos | 3 recs. ,"1,100,000",Casa en venta , Gustavo A. Madero - Distrito Federal ,19.4873329,-99.1236134
321, 599 m² construidos | 4 recs. ,"4,180,000",Casa en venta , Gustavo A. Madero - Distrito Federal ,19.4873329,-99.1236134
322, 235 m² construidos | 3 recs. ,"1,295,000",Casa en venta , Gustavo A. Madero - Distrito Federal ,19.4873329,-99.1236134
323, 301 m² construidos | 3 recs. ,"5,980,000",Casa en venta , Turmalina - Estrella - Gustavo A. Madero - Distrito Federal ,19.4745274,-99.1146477
324, 120 m² construidos | 4 recs. ,"1,285,000",Casa en venta , Gustavo A. Madero - Distrito Federal ,19.4873329,-99.1236134
325, 120 m² construidos | 3 recs. ,"2,045,000",Casa en venta , Gustavo A. Madero - Distrito Federal ,19.4873329,-99.1236134
326, 270 m² construidos | 3 recs. ,"1,675,000",Casa en venta , Gustavo A. Madero - Distrito Federal ,19.4873329,-99.1236134
327, 160 m² construidos | 3 recs. ,"1,621,193",Casa en venta , Gustavo A. Madero - Distrito Federal ,19.4873329,-99.1236134
328, 234 m² construidos | 3 recs. ,"1,604,082",Casa en venta , Gustavo A. Madero - Distrito Federal ,19.4873329,-99.1236134
329, 160 m² construidos | 3 recs. ,"5,543,125",Casa en venta , Gustavo A. Madero - Distrito Federal ,19.4873329,-99.1236134
330, 165 m² construidos | 4 recs. ,"1,248,500",Casa en venta , Gustavo A. Madero - Distrito Federal ,19.4873329,-99.1236134
331, 115 m² construidos | 3 recs. ,"6,500,000",Casa en venta , Coquimbo 0 - Lindavista Sur - Gustavo A. Madero - Distrito Federal ,19.488592,-99.127119
332, 447 m² construidos | 3 recs. ,"3,130,000",Casa en venta , Gustavo A. Madero - Distrito Federal ,19.4873329,-99.1236134
333, 416 m² construidos | 4 recs. ,"13,000,000",Casa en venta , Oruro 20 - Lindavista Sur - Gustavo A. Madero - Distrito Federal ,19.4906193,-99.1288615
334, 227 m² construidos | 3 recs. ,"1,842,128",Casa en venta , Gustavo A. Madero - Distrito Federal ,19.4873329,-99.1236134
335, 340 m² construidos | 4 recs. ,"4,200,000",Casa en venta , Ingeniero Braulio Martínez 2 - Guadalupe Insurgentes - Gustavo A. Madero - Distrito Federal ,19.470947,-99.1343466
336, 200 m² construidos | 5 recs. ,"3,400,000",Casa en venta , NORTE 24 00 - Industrial - Gustavo A. Madero - Distrito Federal ,19.4736233,-99.1248628
337, 222 m² construidos | 3 recs. ,"5,550,000",Casa en venta , CATAMARCA - Residencial Zacatenco - Gustavo A. Madero - Distrito Federal ,19.5034532,-99.1258998
338, 164 m² construidos | 3 recs. ,"2,596,500",Casa en venta , Gustavo A. Madero - Distrito Federal ,19.4873329,-99.1236134
339, 447 m² construidos | 4 recs. ,"3,130,000",Casa en venta , Gustavo A. Madero - Distrito Federal ,19.4873329,-99.1236134
340, 120 m² construidos | 4 recs. ,"1,292,576",Casa en venta , Gustavo A. Madero - Distrito Federal ,19.4873329,-99.1236134
341, 131 m² construidos | 2 recs. ,"1,842,128",Casa en venta , Gustavo A. Madero - Distrito Federal ,19.4873329,-99.1236134
342, 245 m² construidos | 4 recs. ,"4,975,000",Casa en venta , Gustavo A. Madero - Distrito Federal ,19.4873329,-99.1236134
343, 70 m² construidos | 2 recs. ,"1,505,000",Casa en venta , Gustavo A. Madero - Distrito Federal ,19.4873329,-99.1236134
344, 370 m² construidos | 3 recs. ,"1,319,514",Casa en venta , Gustavo A. Madero - Distrito Federal ,19.4873329,-99.1236134
345, 280 m² construidos | 3 recs. ,"1,548,293",Casa en venta , Gustavo A. Madero - Distrito Federal ,19.4873329,-99.1236134
346, 190 m² construidos | 6 recs. ,"4,500,000",Casa en venta , Ampliación San Juan de Aragón - Gustavo A. Madero - Distrito Federal ,19.4753714,-99.1048072
347, 190 m² construidos | 4 recs. ,"1,235,000",Casa en venta , Gustavo A. Madero - Distrito Federal ,19.4873329,-99.1236134
348, 168 m² construidos | 4 recs. ,"1,842,128",Casa en venta , Gustavo A. Madero - Distrito Federal ,19.4873329,-99.1236134
349, 260 m² construidos | 3 recs. ,"1,435,167",Casa en venta , Gustavo A. Madero - Distrito Federal ,19.4873329,-99.1236134
350, 272 m² construidos | 4 recs. ,"4,980,000",Casa en venta , CALLE 604 115 - San Juan De Aragón 5a Secc. - Gustavo A. Madero - Distrito Federal ,19.4510633,-99.0657011
351, 370 m² construidos | 5 recs. ,"6,245,000",Casa en venta , Gustavo A. Madero - Distrito Federal ,19.4873329,-99.1236134
352, 252 m² construidos | 4 recs. ,"1,058,000",Casa en venta , BONAO 120 - Lindavista Norte - Gustavo A. Madero - Distrito Federal ,19.5017617,-99.1297208
353, 180 m² construidos | 3 recs. ,"1,340,000",Casa en venta , Gustavo A. Madero - Distrito Federal ,19.4873329,-99.1236134
354, 200 m² construidos | 4 recs. ,"2,600,000",Casa en venta , 625 0 - San Juan De Aragón - Gustavo A. Madero - Distrito Federal ,19.4533198,-99.0648325
355, 184 m² construidos | 4 recs. ,"3,100,000",Casa en venta , Cerrada Atoyac - San Pedro Zacatenco - Gustavo A. Madero - Distrito Federal ,19.5023548,-99.1190011
356, 529 m² construidos | 4 recs. ,"12,500,000",Casa en venta , Lindavista - Gustavo A. Madero - Distrito Federal ,19.5037694,-99.1324282
357, 250 m² construidos | 3 recs. ,"9,000,000",Casa en venta , Lindavista Norte - Gustavo A. Madero - Distrito Federal ,19.494112,-99.1276295
358, 148 m² construidos | 3 recs. ,"564,000",Casa en venta , CAMINO A LA ENSEÑANZA 00 - Campestre Aragón - Gustavo A. Madero - Distrito Federal ,19.4842063,-99.0802275
359, 180 m² construidos | 4 recs. ,"3,980,000",Casa en venta , Avenida del Tepeyac - Industrial - Gustavo A. Madero - Distrito Federal ,19.474166,-99.1240759
360, 342 m² construidos | 4 recs. ,"8,200,000",Casa en venta , Paranagua - Residencial Zacatenco - Gustavo A. Madero - Distrito Federal ,19.50549,-99.1265733
361, 260 m² construidos | 5 recs. ,"9,200,000",Casa en venta , Guanabara 47 - Torres Lindavista - Gustavo A. Madero - Distrito Federal ,19.5094197,-99.1464891
362, 80 m² construidos | 2 recs. ,"2,000,000",Casa en venta , Av. 593 80 - San Juan De Aragón - Gustavo A. Madero - Distrito Federal ,19.4530752,-99.0729104
363, 259 m² construidos | 3 recs. ,"5,500,000",Casa en venta , Col. Industrial 0 - Industrial - Gustavo A. Madero - Distrito Federal ,19.4873329,-99.1236134
364, 140 m² construidos | 3 recs. ,"2,160,000",Casa en venta , Gustavo A. Madero - Distrito Federal ,19.4873329,-99.1236134
365, 360 m² construidos | 4 recs. ,"3,000,000",Casa en venta , Avenida 508 20 - San Juan De Aragón - Gustavo A. Madero - Distrito Federal ,19.462765,-99.0929339
366, 41 m² construidos | 1 rec. ,"1,180,000",Casa en venta , Av Ferrocarril Hidalgo - Santiago Atzacoalco - Gustavo A. Madero - Distrito Federal ,19.4946796,-99.0965312
367, 175 m² construidos | 4 recs. ,"5,900,000",Casa en venta , Bonao 0 - Lindavista - Gustavo A. Madero - Distrito Federal ,19.5011203,-99.1298228
368, 500 m² construidos | 4 recs. ,"970,164",Casa en venta , MOLLENDO 984 - Lindavista - Gustavo A. Madero - Distrito Federal ,19.498681,-99.1253849
369, 270 m² construidos | 3 recs. ,"1,675,000",Casa en venta , Gustavo A. Madero - Distrito Federal ,19.4873329,-99.1236134
370, 400 m² construidos | 4 recs. ,"991,298",Casa en venta , SOLOLÁ 564 - Valle Del Tepeyac - Gustavo A. Madero - Distrito Federal ,19.4881653,-99.1417121
371, 160 m² construidos | 3 recs. ,"596,000",Casa en venta , CALLE 313 29 - El Coyol - Gustavo A. Madero - Distrito Federal ,19.4890573,-99.0896753
372, 180 m² construidos | 5 recs. ,"647,000",Casa en venta , SALVADOR CARRILLO 7 - C.T.M. Atzacoalco - Gustavo A. Madero - Distrito Federal ,19.5076219,-99.1056927
373, 358 m² construidos | 3 recs. ,"8,100,000",Casa en venta , oruro 43 - Lindavista - Gustavo A. Madero - Distrito Federal ,19.4909438,-99.128248
374, 150 m² construidos | 3 recs. ,"596,000",Casa en venta , 313 00 - El Coyol - Gustavo A. Madero - Distrito Federal ,19.4881312,-99.0900856
375, 90 m² construidos | 3 recs. ,"1,206,168",Casa en venta , Gustavo A. Madero - Distrito Federal ,19.4873329,-99.1236134
376, 150 m² construidos | 3 recs. ,"1,581,317",Casa en venta , VILLA DE ARAGON 00 - Villa De Aragón - Gustavo A. Madero - Distrito Federal ,19.461667,-99.0613127
377, 240 m² construidos | 3 recs. ,"7,700,000",Casa en venta , RAMIRIQUI 1035 - Residencial Zacatenco - Gustavo A. Madero - Distrito Federal ,19.5023991,-99.1260624
378, 205 m² construidos | 4 recs. ,"3,550,000",Casa en venta , Norte 70A 0 - La Joya - Gustavo A. Madero - Distrito Federal ,19.4580973,-99.1103251
379, 144 m² construidos | 4 recs. ,"2,000,000",Casa en venta , SEGUNDA CERRADA 697 8 - Colonia C.T.M. Aragón - Gustavo A. Madero - Distrito Federal ,19.4547613,-99.054297
380, 180 m² construidos | 4 recs. ,"1,055,602",Casa en venta , VOLCAN JORULLO 8 - La Pradera - Gustavo A. Madero - Distrito Federal ,19.4737677,-99.068696
381, 402 m² construidos | 3 recs. ,"12,500,000",Casa en venta , AVENIDA LINDAVISTA - Lindavista Norte - Gustavo A. Madero - Distrito Federal ,19.4928937,-99.1262341
382, 570 m² construidos | 4 recs. ,"4,480,000",Casa en venta , Arequipa 831 - Lindavista Norte - Gustavo A. Madero - Distrito Federal ,19.4903572,-99.1226581
383, 220 m² construidos | 4 recs. ,"3,175,000",Casa en venta , Gustavo A. Madero - Distrito Federal ,19.4873329,-99.1236134
384, 130 m² construidos | 3 recs. ,"596,000",Casa en venta , 313 0 - El Coyol - Gustavo A. Madero - Distrito Federal ,19.4881312,-99.0900856
385, 300 m² construidos | 3 recs. ,"6,500,000",Casa en venta , SOLOLA 0 - Valle Del Tepeyac - Gustavo A. Madero - Distrito Federal ,19.4895271,-99.1413047
386, 96 m² construidos | 3 recs. ,"3,305,667",Casa en venta , Chiclayo 967 - Lindavista - Gustavo A. Madero - Distrito Federal ,19.4971922,-99.1245386
387, 195 m² construidos | 3 recs. ,"647,008",Casa en venta , Salvador Carrillo 77 - C.T.M. Atzacoalco - Gustavo A. Madero - Distrito Federal ,19.5102208,-99.1044236
388, 261 m² construidos | 9 recs. ,"2,500,000",Casa en venta , Acoltzin - Santa Isabel Tola - Gustavo A. Madero - Distrito Federal ,19.494325,-99.1161706
389, 124 m² construidos | 5 recs. ,"735,647",Casa en venta , Norte 50 00 - La Joyita - Gustavo A. Madero - Distrito Federal ,19.4653472,-99.1167523
390, 63 m² construidos | 3 recs. ,"1,850,000",Casa en venta , Cerrada de Nautla - Ampliación Casas Alemán - Gustavo A. Madero - Distrito Federal ,19.4760791,-99.0817495
391, 100 m² construidos | 3 recs. ,"3,212,000",Casa en venta , Gustavo A. Madero - Distrito Federal ,19.4873329,-99.1236134
392, 223 m² construidos | 4 recs. ,"2,970,000",Casa en venta , norte 9 6109 - Gertrudis Sánchez 2a Secc. - Gustavo A. Madero - Distrito Federal ,19.4262521,-99.0980913
393, 230 m² construidos | 3 recs. ,"2,791,000",Casa en venta , Gustavo A. Madero - Distrito Federal ,19.4873329,-99.1236134
394, 140 m² construidos | 3 recs. ,"2,400,000",Casa en venta , juan de brizuela 13 - Palmatitla - Gustavo A. Madero - Distrito Federal ,19.550903,-99.1334781
395, 299 m² construidos | 5 recs. ,"8,100,000",Casa en venta , PARANAGUA 0 - Lindavista - Gustavo A. Madero - Distrito Federal ,19.50549,-99.1265733
396, 184 m² construidos | 3 recs. ,"1,643,800",Casa en venta , Gustavo A. Madero - Distrito Federal ,19.4873329,-99.1236134
397, 750 m² construidos | 6 recs. ,"3,100,000",Casa en venta , CALI 1 - Lindavista - Gustavo A. Madero - Distrito Federal ,19.4891269,-99.1248855
398, 280 m² construidos | 4 recs. ,"914,986",Casa en venta , CALLE 15 DE MAYO 32 - Planetario Lindavista - Gustavo A. Madero - Distrito Federal ,19.4959362,-99.1420713
399, 278 m² construidos | 3 recs. ,"1,903,273",Casa en venta , Gustavo A. Madero - Distrito Federal ,19.4873329,-99.1236134
400, 130 m² construidos | 3 recs. ,"596,000",Casa en venta , 313 0 - El Coyol - Gustavo A. Madero - Distrito Federal ,19.4881312,-99.0900856
401, 220 m² construidos | 3 recs. ,"2,000,000",Casa en venta , gladiola 00 - Juan González Romero - Gustavo A. Madero - Distrito Federal ,19.5064898,-99.0899677
